Gender,Married,Education,Self_Employed,ApplicantIncome,CoapplicantIncome,LoanAmount,Loan_Amount_Term,Credit_History,Dependents,Property_Area,Loan_Status
1,0,0,0,0.37405947589746574,0.29465864874425185,0.4063989387753947,0.9999999999999998,1.0,0.7148879014046754,0.2573689383168327,1
0,0,1,0,0.24894824433751803,0.0,0.6068867144207911,0.9999999999999998,1.0,0.0,0.0,0
1,1,1,0,0.2513505337299901,0.001545896131929928,0.7130273015271775,0.9999999999999998,1.0,0.7148879014046754,0.2573689383168327,1
0,0,0,0,0.4171085018105661,0.0,0.5832999172860387,0.9999999999999998,1.0,0.7148879014046754,0.2573689383168327,1
1,1,1,0,0.5996824956384468,0.0,0.48109046303544434,0.9999999999999998,1.0,0.7148879014046754,1.0,1
1,1,1,0,0.5584592096636253,0.0,0.5439885887281177,0.9999999999999998,1.0,0.7148879014046754,0.0,1
1,1,1,0,0.3145787905398562,0.35992217898832685,0.5597131201512862,0.9999999999999998,1.0,0.9999999999999991,0.0,1
1,1,1,0,0.4973449675191347,0.0,0.5872310501418307,0.9999999999999998,1.0,0.9999999999999991,1.0,1
1,1,0,0,0.38222725983187095,0.249557835160948,0.595093315853415,0.9999999999999998,1.0,0.9999999999999991,0.2573689383168327,1
1,1,1,1,0.2292494713192467,0.0,0.48895272874702855,0.9999999999999998,1.0,0.0,1.0,1
1,1,1,0,0.5996824956384468,0.29978776087725506,0.8034433572103956,0.9999999999999998,1.0,0.9999999999999991,1.0,1
1,1,1,0,0.5276138138642833,0.2228510788822073,0.6461980429787121,0.9999999999999998,1.0,0.0,0.2573689383168327,1
0,0,1,1,0.33187527416565543,0.0,0.4575036659006918,0.9999999999999998,1.0,0.7148879014046754,0.0,1
0,0,1,0,0.36867834765832824,0.0,0.41426120448697884,0.9999999999999998,1.0,0.7148879014046754,1.0,1
1,0,1,0,0.36983144656671485,0.0,0.27667155453425574,0.9999999999999998,1.0,0.7148879014046754,1.0,1
1,0,1,0,0.29401519334029486,0.0,0.2570158902552953,0.0071970480757680266,1.0,0.7148879014046754,0.0,0
1,1,1,1,0.26105578287557746,0.0,0.3946055402080184,0.9999999999999998,0.0,0.9999999999999991,1.0,0
0,0,1,0,0.36541123408456616,0.0,0.41819233734277095,0.9999999999999998,1.0,0.0,0.2573689383168327,1
1,0,1,0,0.8222305849570635,0.0,0.8034433572103956,0.9999999999999998,1.0,0.7148879014046754,0.0,1
1,0,0,0,0.36742915717424274,0.0,0.41033007163118673,0.9999999999999998,1.0,0.7148879014046754,0.2573689383168327,1
1,1,1,0,0.5713354808072758,0.9948708878669968,0.0005320448193580109,0.9999999999999998,1.0,0.0,0.0,1
1,1,1,0,0.23933908676762958,0.3746020516448532,0.3867432744964342,0.9999999999999998,1.0,0.7148879014046754,1.0,1
1,1,1,0,0.41326483878261067,0.0,0.48895272874702855,0.9999999999999998,1.0,0.7148879014046754,1.0,1
1,1,1,0,0.5694136492932982,0.0,0.5007461273144048,0.9999999999999998,1.0,0.9999999999999991,1.0,1
1,0,1,0,0.5756596017137257,0.0,0.5321951901607415,0.9999999999999998,1.0,0.7148879014046754,0.0,1
1,1,0,1,0.41653195235637275,0.1301733286169084,0.3199140159479687,0.9999999999999998,1.0,0.7148879014046754,1.0,0
1,1,1,0,4.427160039164127e-05,0.0,0.0,0.9999999999999998,1.0,0.9999999999999991,0.0,1
1,1,1,0,0.2297299291977411,0.0,0.27274042167846363,0.9999999999999998,1.0,0.7148879014046754,0.0,1
1,0,1,0,0.23933908676762958,0.0017515984349639495,0.38281214164064215,0.9999999999999998,1.0,0.7148879014046754,1.0,1
1,1,1,0,0.311407768541793,0.0,0.6461980429787121,0.9999999999999998,1.0,0.7148879014046754,0.2573689383168327,0
1,1,1,0,0.47956802601484105,0.6485673859214716,0.9056528114609899,0.9999999999999998,1.0,0.9999999999999991,1.0,1
1,1,1,0,0.4219130805955103,0.0,0.47715933017965223,0.9999999999999998,0.0,0.9999999999999991,1.0,0
1,0,1,1,0.6140962319932795,0.0,0.7641320286524748,0.9999999999999998,1.0,0.7148879014046754,0.2573689383168327,1
0,0,1,0,0.365507325660265,0.0,0.43391686876593927,0.004454623327188415,1.0,0.7148879014046754,0.0,1
1,1,0,0,0.40269476545573335,0.2529182879377432,0.4850215958912364,0.9999999999999998,1.0,0.9999999999999991,0.2573689383168327,0
1,0,1,0,0.44881872179119797,0.3691192076406084,0.48895272874702855,0.9999999999999998,1.0,0.7148879014046754,1.0,0
0,0,1,0,0.2869044167385774,0.0,0.21377342884158235,0.9999999999999998,1.0,0.7148879014046754,0.0,1
1,1,1,0,0.4742829893514024,0.0,0.48895272874702855,0.9999999999999998,0.0,0.0,0.2573689383168327,0
1,0,1,0,0.47476344722989683,0.0,0.46929706446806807,0.9999999999999998,1.0,0.7148879014046754,0.0,1
1,1,1,0,0.3642581351761795,0.6367173682348779,0.8270301543451481,0.9999999999999998,0.0,0.9999999999999991,0.0,0
1,1,0,0,0.27940927383406444,0.0948001414927485,0.23736022597633485,0.9999999999999998,1.0,0.7148879014046754,0.2573689383168327,0
1,1,1,0,0.2508700758514957,0.39317297488503716,0.5675753858628703,0.9999999999999998,1.0,0.7148879014046754,1.0,1
1,1,1,0,0.5476008616096514,0.9948708878669968,0.7130273015271775,0.9999999999999998,1.0,0.7148879014046754,1.0,1
1,0,1,0,1.9481132507758467e-05,0.0,0.001517229743258009,0.9999999999999998,1.0,0.7148879014046754,1.0,1
0,0,1,0,0.5196382130812759,0.0,0.5400574558723257,0.0071970480757680266,0.0,0.7148879014046754,0.0,0
1,0,0,1,0.3885693038279973,0.4290767598160594,0.599024448709207,0.9999999999999998,0.0,0.0,0.0,0
0,0,1,0,0.398851102427778,0.0,0.2570158902552953,0.9999999999999998,1.0,0.7148879014046754,1.0,1
1,1,1,0,0.5833469277696364,0.45436858860983376,0.6933716372482172,0.9999999999999998,1.0,0.7148879014046754,0.2573689383168327,0
0,0,1,0,0.30333607618308667,0.5279448178280863,0.49681499445861266,0.9999999999999998,1.0,0.7148879014046754,0.2573689383168327,1
1,1,0,0,0.21829503168957384,0.0,0.422123470198563,0.9999999999999998,1.0,0.9999999999999991,0.2573689383168327,0
1,0,1,1,0.8982390213348812,0.0,0.0002349706639342801,0.9999999999999998,1.0,0.537966231065151,1.0,1
1,1,1,0,0.19686661030872257,0.377431906614786,0.3238451488037608,0.9999999999999998,1.0,0.7148879014046754,0.0,1
1,1,1,1,0.23933908676762958,0.8135833038556773,0.6697848401134646,0.9999999999999998,1.0,0.9999999999999991,0.2573689383168327,1
1,0,1,0,1.2711212458185695e-05,0.0,0.6226112458439595,0.9999999999999998,1.0,0.7148879014046754,1.0,0
0,0,0,1,0.3706962707480048,0.0,0.2216356945531665,0.9999999999999998,1.0,0.0,1.0,0
1,1,1,0,0.5171398321131049,0.0,0.48895272874702855,0.9999999999999998,1.0,0.9999999999999991,0.0,1
1,1,1,0,0.282292021105031,0.2835160948001415,0.48895272874702855,0.9999999999999998,1.0,0.9999999999999991,0.0,0
1,1,1,0,0.25529028833364437,0.7605235231694376,0.4535725330448997,0.9999999999999998,1.0,0.7148879014046754,0.2573689383168327,1
1,1,1,0,0.3553216186361833,0.559957552175451,0.6933716372482172,0.9999999999999998,1.0,0.7148879014046754,0.2573689383168327,1
1,0,1,1,1.0,0.0,0.7130273015271775,0.9999999999999998,0.0,0.7148879014046754,0.0,0
1,0,1,0,0.8798855303763943,0.0,0.9371018743073266,0.9999999999999998,1.0,0.7148879014046754,0.0,0
0,0,1,0,0.43603854222324634,0.0,0.42998573591014716,0.9999999999999998,1.0,0.7148879014046754,1.0,1
1,0,1,0,0.370504087596607,0.29006013441811107,0.48895272874702855,0.9999999999999998,1.0,0.7148879014046754,0.2573689383168327,1
1,0,1,1,4.350880042589553e-06,0.0,0.3041894845248003,0.9999999999999998,1.0,0.7148879014046754,0.0,0
1,0,1,0,0.46947841056645817,0.0,0.37888100878485004,0.9999999999999998,1.0,0.7148879014046754,1.0,1
1,1,0,0,0.3882810291009007,0.9377431906614786,0.5204017915933652,0.9999999999999998,1.0,0.0,0.2573689383168327,0
1,1,1,0,0.6146727814474728,0.0,0.5675753858628703,0.9999999999999998,1.0,0.537966231065151,1.0,0
1,1,1,0,0.5756596017137257,0.0,0.6068867144207911,0.9999999999999998,1.0,0.0,0.2573689383168327,1
1,1,1,0,0.5493305099722312,0.8126989741775734,0.9921377342884158,0.9999999999999998,1.0,0.7148879014046754,1.0,0
0,0,1,0,0.30468135824287107,0.0,0.2570158902552953,0.9999999999999998,0.0,0.7148879014046754,0.0,0
1,0,1,0,0.5611497737831941,0.0,0.48895272874702855,0.9999999999999998,1.0,0.7148879014046754,0.0,1
0,0,1,0,0.20455393636463334,0.0,0.36708761021747377,0.9999999999999998,0.0,0.7148879014046754,1.0,0
1,1,1,0,0.33639157822350296,0.7810399717014503,0.9331707414515346,0.9999999999999998,1.0,0.9999999999999991,0.2573689383168327,1
1,0,0,0,0.35926137323983753,0.29501238061549345,0.41033007163118673,0.9999999999999998,1.0,0.7148879014046754,1.0,1
1,1,0,0,0.35224668821381894,0.042801556420233464,0.4024678059196026,0.9999999999999998,1.0,0.9999999999999991,1.0,1
0,0,1,1,0.43949783894840616,0.0,0.5007461273144048,0.9999999999999998,0.0,0.7148879014046754,1.0,0
1,1,1,0,0.3699275381424137,0.5836575875486382,0.5361263230165336,0.004454623327188415,1.0,0.7148879014046754,0.2573689383168327,1
0,0,1,0,0.4055775127266999,0.0,0.41819233734277095,0.9999999999999998,1.0,0.7148879014046754,1.0,0
0,1,0,0,0.20561094369732108,0.5725150336045277,0.6776471058250487,0.9999999999999998,0.0,0.7148879014046754,1.0,0
1,1,1,0,0.3550333439090866,0.3537318712415989,0.44964140018910764,0.9999999999999998,1.0,0.7148879014046754,0.2573689383168327,1
1,1,1,0,0.5471204037311569,0.0,0.48109046303544434,0.9999999999999998,1.0,0.537966231065151,0.0,1
1,1,1,0,0.5836352024967331,0.7516802263883976,0.0007143556726968044,0.9999999999999998,1.0,0.0,0.0,1
1,0,1,0,0.6022769681823167,0.0,0.4417791344775234,0.9999999999999998,0.0,0.7148879014046754,0.2573689383168327,0
1,1,0,0,0.5069541250890232,0.2529182879377432,0.6108178472765833,0.9999999999999998,0.0,0.0,1.0,1
1,1,1,0,0.4498757291238857,0.0,0.3710187430732659,0.9999999999999998,1.0,0.537966231065151,1.0,1
1,1,1,0,3.338005412886248e-05,0.0,0.3552942116500975,0.9999999999999998,1.0,0.7148879014046754,1.0,1
1,1,1,0,0.41067036623874076,0.5305978068623983,0.6540603086902962,0.0023337789670061313,1.0,0.0,0.2573689383168327,0
0,0,1,0,0.9600259045092641,0.0,0.8191678886335639,0.9999999999999998,1.0,0.7148879014046754,1.0,0
1,1,1,0,0.46198326766194514,0.16324725857799788,0.44964140018910764,0.004454623327188415,1.0,0.7148879014046754,0.0,1
1,1,0,0,0.31938336932480044,0.3537318712415989,0.36708761021747377,0.9999999999999998,1.0,0.9999999999999991,1.0,1
1,1,1,0,0.31102340223899744,0.2506190307746728,0.5204017915933652,0.9999999999999998,1.0,0.7148879014046754,1.0,1
1,1,1,0,0.2751812445033135,0.33109303148213654,0.49681499445861266,0.9999999999999998,0.0,0.9999999999999991,1.0,0
1,0,1,0,0.3508053145783357,0.8956490979837283,0.7130273015271775,0.9999999999999998,1.0,0.7148879014046754,1.0,1
1,1,1,0,0.30660318975684875,0.1238061549345596,0.2530847573995032,0.9999999999999998,1.0,0.9999999999999991,0.0,1
1,1,1,0,0.2796975485611611,0.0028510790307746726,0.3199140159479687,0.9999999999999998,1.0,0.7148879014046754,0.2573689383168327,1
1,1,0,0,0.4560255899686143,0.0,0.3513630787943054,0.9999999999999998,0.0,0.537966231065151,1.0,0
0,1,1,0,0.3474421094288747,0.0,0.4024678059196026,0.9999999999999998,1.0,0.7148879014046754,1.0,1
1,1,0,0,0.3257254133209268,0.29006013441811107,0.41426120448697884,0.004454623327188415,1.0,0.0,0.0,1
1,1,1,1,0.973382633531409,0.0,1.0000000000000002,0.9999999999999998,1.0,0.537966231065151,1.0,1
1,1,1,0,0.20378520375904227,0.0015572913446441562,0.2530847573995032,0.004454623327188415,1.0,0.7148879014046754,1.0,0
1,0,1,0,0.22646281562397905,0.44764768305624336,0.5125395258817811,0.9999999999999998,1.0,0.7148879014046754,1.0,1
0,0,1,0,0.3108312190875997,0.0,0.29239608595742406,0.9999999999999998,1.0,0.7148879014046754,0.0,1
0,0,1,0,0.6909694925523872,0.0,0.44964140018910764,0.9999999999999998,1.0,0.7148879014046754,0.2573689383168327,1
1,1,1,0,2.141984146575315e-06,0.0,0.000494545652446738,0.9999999999999998,1.0,0.0,0.0,1
1,0,1,0,0.38347645031595645,0.4421648390519986,0.5282640573049494,0.9999999999999998,1.0,0.7148879014046754,0.2573689383168327,1
1,1,1,0,0.3026634351531945,0.08153519632118854,0.4024678059196026,0.0023337789670061313,1.0,0.9999999999999991,0.0,1
1,1,1,0,0.3714650033535959,0.0,0.24129135883212696,0.9999999999999998,1.0,0.0,0.0,0
1,1,1,0,0.4411313957352872,0.0,0.26487815596687947,0.004454623327188415,1.0,0.7148879014046754,1.0,1
1,1,1,0,0.2993963215794324,0.4568447117085249,0.6461980429787121,0.9999999999999998,1.0,0.0,1.0,0
1,1,1,0,0.410478183087343,0.0,0.3710187430732659,0.9999999999999998,1.0,0.537966231065151,0.0,1
1,1,1,0,0.29055589661513503,0.2580474000707464,0.3513630787943054,0.9999999999999998,1.0,0.7148879014046754,0.0,1
1,1,1,0,0.2367446142237597,0.3259639193491334,0.6029555815649991,0.9999999999999998,1.0,0.7148879014046754,0.2573689383168327,0
1,1,0,0,0.7358442584037662,0.0,0.7051650358155934,0.9999999999999998,1.0,0.9999999999999991,0.2573689383168327,1
0,1,1,0,1.2711212458185695e-05,0.0,0.0023122497337885357,0.9999999999999998,1.0,0.0,1.0,1
1,1,1,0,0.8446199220949037,0.0,0.9921377342884158,0.9999999999999998,0.0,0.9999999999999991,0.0,0
1,0,1,1,0.666946598627666,0.0,0.6658537072576725,0.004454623327188415,1.0,0.7148879014046754,1.0,1
1,1,1,0,0.5682605503849115,0.36328263176512204,0.8073744900661877,0.9999999999999998,1.0,0.7148879014046754,0.2573689383168327,1
1,1,1,0,0.35724345015016096,0.313937035726919,0.4928838616028206,0.9999999999999998,1.0,0.7148879014046754,1.0,1
1,0,1,1,0.49551922758085587,0.0,0.48109046303544434,0.9999999999999998,1.0,0.7148879014046754,1.0,1
1,1,1,0,3.415182650485691e-05,0.0,0.000340866167439606,0.9999999999999998,1.0,0.537966231065151,0.2573689383168327,1
0,0,1,1,0.23933908676762958,0.0,0.34350081308272123,0.9999999999999998,1.0,0.7148879014046754,0.0,1
0,0,1,0,2.2319238440505758e-05,0.0,0.13515077172574055,0.9999999999999998,1.0,0.0,0.0,1
0,0,1,0,0.14324751106874498,0.31835868411743895,0.38281214164064215,0.9999999999999998,0.0,0.7148879014046754,1.0,0
1,1,1,0,6.048804222983392e-05,0.9313760169791299,0.002857887764635938,0.9999999999999998,1.0,0.7148879014046754,0.2573689383168327,0
1,1,1,0,0.3225543913228636,0.38910505836575876,0.5086083930259889,0.9999999999999998,1.0,0.7148879014046754,0.2573689383168327,0
0,0,0,0,0.182356782378191,0.4182879377431907,0.44964140018910764,0.9999999999999998,1.0,0.7148879014046754,0.0,1
1,1,1,0,0.23770552998074854,0.4361513972408914,0.33170741451534497,0.004454623327188415,0.0,0.7148879014046754,0.2573689383168327,1
1,0,1,0,0.557882660209432,0.6483905199858507,0.0004819660165735762,0.9999999999999998,1.0,0.7148879014046754,0.2573689383168327,0
0,1,1,0,0.2230035188988192,0.7934205871949063,0.3710187430732659,0.9999999999999998,1.0,0.7148879014046754,1.0,1
1,1,1,0,0.2901715303123395,0.0,0.36708761021747377,0.9999999999999998,1.0,0.537966231065151,0.0,1
1,0,1,0,6.5101380649223864e-06,0.0,0.7484074972293063,0.9999999999999998,1.0,0.0,1.0,0
1,0,1,0,0.35234277978951783,0.7607003891050583,0.6540603086902962,0.9999999999999998,1.0,0.7148879014046754,0.2573689383168327,1
1,1,1,0,0.5463516711255658,0.7370003537318712,0.6658537072576725,0.9999999999999998,1.0,0.7148879014046754,1.0,1
1,1,1,0,0.6076580964214542,0.8105765829501238,0.9960688671442078,0.9999999999999998,1.0,0.7148879014046754,1.0,1
1,1,0,0,0.34234925591683385,0.7276264591439688,0.5754376515744545,0.9999999999999998,0.0,0.7148879014046754,0.2573689383168327,0
1,0,1,0,0.33994696652436174,0.0,0.29239608595742406,0.9999999999999998,0.0,0.9999999999999991,0.2573689383168327,0
0,1,1,1,8.62194017578824e-06,0.0,0.00015363397920067565,0.9999999999999998,0.0,0.0,0.0,0
1,0,1,0,0.3025673435774956,0.5399717014503007,0.32777628165955286,0.9999999999999998,1.0,0.7148879014046754,0.2573689383168327,1
1,1,0,0,0.33764076870758847,0.5712769720551821,0.5754376515744545,0.9999999999999998,0.0,0.7148879014046754,0.2573689383168327,0
1,1,1,0,0.7678427531114949,0.0,0.7641320286524748,0.9999999999999998,1.0,0.9999999999999991,1.0,1
1,1,1,0,0.2384742625863396,0.36328263176512204,0.3867432744964342,0.9999999999999998,1.0,0.0,1.0,1
1,1,1,0,0.26672518584181165,0.35656172621153165,0.41033007163118673,0.9999999999999998,1.0,0.7148879014046754,0.2573689383168327,1
1,0,0,0,0.5964153820646847,0.0,0.5007461273144048,0.9999999999999998,1.0,0.7148879014046754,0.2573689383168327,0
0,0,1,0,0.47956802601484105,0.0,0.49681499445861266,0.9999999999999998,1.0,0.7148879014046754,0.2573689383168327,1
0,0,1,0,0.39942765188197127,0.0,0.15087530314890893,0.9999999999999998,1.0,0.7148879014046754,1.0,1
1,1,1,0,0.013523883875250753,0.31835868411743895,0.5086083930259889,0.9999999999999998,1.0,0.7148879014046754,0.2573689383168327,0
1,1,1,0,0.19263858097797165,0.5173328616908384,0.422123470198563,0.9999999999999998,1.0,0.0,0.0,0
0,0,1,0,0.24001172779752175,0.0,0.198048897418414,0.9999999999999998,1.0,0.7148879014046754,0.2573689383168327,1
1,1,0,0,0.207340592059901,0.42447824548991864,0.42998573591014716,0.9999999999999998,1.0,0.7148879014046754,0.0,1
1,1,0,0,0.24894824433751803,0.4421648390519986,0.33170741451534497,0.9999999999999998,1.0,0.0,1.0,1
1,1,1,0,0.00011234476106394028,0.0,1.0000000000000002,0.9999999999999998,1.0,0.0,1.0,0
0,0,1,0,0.39942765188197127,0.0,0.43391686876593927,0.9999999999999998,0.0,0.7148879014046754,1.0,0
1,1,1,0,0.6597397304502497,0.0,0.7641320286524748,0.9999999999999998,1.0,0.0,1.0,1
1,1,1,1,0.9439786113675503,0.32419525999292537,0.6933716372482172,0.004454623327188415,1.0,0.0,0.0,1
0,0,1,0,0.3500365819727446,0.0,0.3513630787943054,0.9999999999999998,1.0,0.0,1.0,1
1,1,1,0,1.0745551686483544e-05,0.0,0.7130273015271775,0.004454623327188415,1.0,0.9999999999999991,0.0,1
1,1,1,0,0.41547494502368504,0.4334984082065794,0.41033007163118673,0.9999999999999998,1.0,0.7148879014046754,0.0,0
1,1,0,0,0.5788306237117888,0.0,0.6068867144207911,0.9999999999999998,1.0,0.7148879014046754,0.0,0
1,1,1,0,0.3073719223624398,0.542270958613371,0.6540603086902962,0.9999999999999998,1.0,0.7148879014046754,0.0,1
1,1,1,0,0.3594535563912353,0.0,0.43391686876593927,0.9999999999999998,1.0,0.0,1.0,1
1,0,1,0,0.27133758147535814,0.0,0.2570158902552953,0.9999999999999998,1.0,0.7148879014046754,0.0,1
1,1,1,0,0.17293980795970032,0.33038556773965333,0.33170741451534497,0.9999999999999998,1.0,0.7148879014046754,0.0,1
1,1,1,0,0.09760401261177477,0.49044923947647684,0.41819233734277095,0.9999999999999998,1.0,0.7148879014046754,0.2573689383168327,1
1,1,1,1,0.19926889970119468,0.722143615139724,0.6068867144207911,0.9999999999999998,1.0,0.7148879014046754,1.0,1
1,1,1,0,0.33917823391877067,0.24336752741422002,0.1941177645626219,0.9999999999999998,1.0,0.7148879014046754,0.2573689383168327,0
1,1,1,0,0.3351423877394175,0.3473646975592501,0.43391686876593927,0.9999999999999998,1.0,0.7148879014046754,0.2573689383168327,1
1,1,0,0,0.22329179362591584,0.26812875840113193,0.3513630787943054,0.9999999999999998,1.0,0.7148879014046754,0.0,1
0,1,1,0,0.35147795560822787,0.2580474000707464,0.5439885887281177,0.9999999999999998,1.0,0.7148879014046754,1.0,1
1,1,1,0,0.2593261345129975,0.20640254686947293,0.3592253445058896,0.9999999999999998,1.0,0.9999999999999991,1.0,1
1,0,0,0,0.2601909586942875,0.0,0.21377342884158235,0.004454623327188415,1.0,0.7148879014046754,0.0,1
1,1,1,0,0.5291512790754654,0.001650627254396914,0.002304332041573612,0.9999999999999998,0.0,0.537966231065151,1.0,0
1,1,1,0,3.144282931413192e-05,0.0,0.001806482638318261,0.9999999999999998,1.0,0.7148879014046754,1.0,1
1,0,0,0,0.5799837226201755,0.0,0.42998573591014716,0.9999999999999998,0.0,0.7148879014046754,0.2573689383168327,0
1,0,1,0,0.5756596017137257,0.0,0.5282640573049494,0.9999999999999998,1.0,0.7148879014046754,0.2573689383168327,1
1,1,1,0,0.3561864428174732,0.0,0.14301303743732474,0.004454623327188415,1.0,0.7148879014046754,0.2573689383168327,1
1,1,0,1,0.249813068518808,0.6100106119561373,0.6265423786997516,0.004454623327188415,0.0,0.7148879014046754,0.2573689383168327,0
1,0,0,1,0.24731468755063699,0.38326848249027234,0.3867432744964342,0.9999999999999998,1.0,0.7148879014046754,0.2573689383168327,1
1,0,0,0,0.3469616515503803,0.0,0.07618377888885924,0.003324660301075354,1.0,0.7148879014046754,1.0,1
1,1,1,0,0.2280963724108601,0.3781393703572692,0.20591116312999816,0.9999999999999998,1.0,0.7148879014046754,0.2573689383168327,1
1,1,1,0,0.8719099295933869,0.0,0.8742037486146532,0.9999999999999998,1.0,0.7148879014046754,1.0,1
1,1,1,1,0.43949783894840616,0.3684117438981252,0.6068867144207911,0.9999999999999998,1.0,0.9999999999999991,1.0,1
1,0,1,0,0.3594535563912353,0.0,0.422123470198563,0.0071970480757680266,1.0,0.7148879014046754,0.0,0
1,1,0,0,0.2297299291977411,0.6720905553590378,0.48895272874702855,0.004454623327188415,1.0,0.7148879014046754,0.0,0
1,1,1,0,0.37646176528993786,0.14149274849663954,0.41819233734277095,0.9999999999999998,1.0,0.7148879014046754,1.0,1
1,1,0,0,0.4687096779608671,0.0,0.5007461273144048,0.9999999999999998,1.0,0.7148879014046754,0.2573689383168327,0
0,0,1,0,0.32841597744049555,0.0,0.5204017915933652,0.9999999999999998,1.0,0.9999999999999991,0.0,0
1,1,0,0,0.31361787478286735,0.321896002829855,0.29632721881321616,0.9999999999999998,1.0,0.9999999999999991,0.0,1
0,0,1,1,3.889473553101298e-05,0.0,0.1941177645626219,0.9999999999999998,1.0,0.7148879014046754,1.0,1
0,1,1,1,5.928247115235847e-05,0.0,0.0030591842721131995,0.9999999999999998,1.0,0.0,1.0,1
1,1,1,0,0.31938336932480044,0.5748142907675982,0.599024448709207,0.9999999999999998,1.0,0.0,0.0,1
0,0,1,0,0.47956802601484105,0.4494163424124514,0.5715065187186624,0.0071970480757680266,1.0,0.7148879014046754,0.2573689383168327,0
1,1,1,1,0.9564705162084053,0.0,0.6855093715366329,0.9999999999999998,1.0,0.7148879014046754,0.2573689383168327,1
0,0,1,0,0.27546951923041013,0.27591085956844713,0.33170741451534497,0.9999999999999998,1.0,0.0,0.0,1
1,0,1,0,3.4145420613337744e-05,0.0,0.9292396085957424,0.9999999999999998,0.0,0.7148879014046754,1.0,0
0,1,1,0,0.13152433883348105,0.3326848249027237,0.6344046444113358,0.9999999999999998,1.0,0.9999999999999991,0.0,0
1,1,1,0,0.45631386469571095,0.0,0.599024448709207,0.0071970480757680266,1.0,0.7148879014046754,1.0,1
1,1,0,0,0.1593908957861576,0.6880084895649098,0.7680631615082668,0.9999999999999998,0.0,0.7148879014046754,1.0,0
1,1,1,0,0.8399114348856583,0.883622214361514,0.48895272874702855,0.9999999999999998,1.0,0.537966231065151,0.2573689383168327,1
1,0,1,0,0.3275511532592056,0.0,0.47715933017965223,0.9999999999999998,1.0,0.7148879014046754,1.0,0
1,0,0,1,0.2651877206306295,0.2727272727272727,0.7248207000945538,0.9999999999999998,1.0,0.0,1.0,0
1,1,1,1,0.5446220227629859,0.2518570923240184,0.3710187430732659,0.9999999999999998,1.0,0.537966231065151,0.2573689383168327,1
1,1,0,0,0.735171617373874,0.0,0.3867432744964342,0.9999999999999998,0.0,0.7148879014046754,0.0,0
1,1,1,0,0.5582670265122275,0.8843296781039972,0.44964140018910764,0.9999999999999998,1.0,0.9999999999999991,0.2573689383168327,1
1,1,1,0,0.4461281576716292,0.6337106473293244,0.48895272874702855,0.9999999999999998,1.0,0.7148879014046754,1.0,1
1,0,0,0,0.30554618242416104,0.4594977007428369,0.44964140018910764,0.9999999999999998,1.0,0.7148879014046754,0.2573689383168327,1
1,1,1,0,0.2969940321869603,0.2476123098691192,0.422123470198563,0.9999999999999998,1.0,0.9999999999999991,0.0,1
1,1,1,1,4.345522382616417e-05,0.17934205871949063,0.5675753858628703,0.9999999999999998,1.0,0.9999999999999991,0.2573689383168327,1
1,1,1,0,0.2959370248542726,0.22638839759462326,0.4535725330448997,0.9999999999999998,0.0,0.0,1.0,0
1,1,1,0,0.17034533541583044,0.39476476830562435,0.39853667306381046,0.9999999999999998,1.0,0.0,0.2573689383168327,1
0,0,1,0,0.45295065954625,0.0,0.29632721881321616,0.9999999999999998,1.0,0.0,1.0,0
1,1,1,0,0.5341480410118075,0.3788468340997524,0.6658537072576725,0.9999999999999998,1.0,0.7148879014046754,0.2573689383168327,0
1,0,1,0,0.23933908676762958,0.0,0.1941177645626219,0.9999999999999998,1.0,0.7148879014046754,1.0,1
1,0,0,0,0.7037496721203388,0.0,0.44964140018910764,0.9999999999999998,1.0,0.7148879014046754,0.2573689383168327,0
1,0,1,0,0.23309313434720208,0.0,0.27274042167846363,0.9999999999999998,1.0,0.7148879014046754,0.0,0
1,1,1,0,0.27604606868460346,0.3259639193491334,0.4614347987564839,0.0071970480757680266,1.0,0.0,1.0,1
1,1,1,0,0.24894824433751803,0.619030774672798,0.42998573591014716,0.9999999999999998,1.0,0.7148879014046754,0.0,1
1,1,1,1,0.5051283851507443,0.31376016979129817,0.7130273015271775,0.9999999999999998,1.0,0.537966231065151,1.0,1
1,0,1,0,0.35147795560822787,0.0,0.422123470198563,0.004454623327188415,1.0,0.0,0.0,1
1,1,1,0,0.29439955964309045,0.001591878876014805,0.7641320286524748,0.9999999999999998,1.0,0.9999999999999991,0.0,1
1,1,1,0,0.4378642821615251,0.0,0.3710187430732659,0.9999999999999998,1.0,0.9999999999999991,0.0,0
1,1,1,0,0.49071464879591165,0.25663247258578,0.6265423786997516,0.9999999999999998,0.0,0.7148879014046754,0.0,0
0,1,1,0,0.44747343973141357,0.0,0.5086083930259889,0.9999999999999998,1.0,0.0,0.0,1
0,0,1,0,0.33639157822350296,0.0,0.27667155453425574,0.9999999999999998,0.0,0.7148879014046754,0.0,0
1,1,1,0,0.3200560103546926,0.30244074991156705,0.5675753858628703,0.9999999999999998,0.0,0.9999999999999991,0.2573689383168327,0
1,1,1,0,0.5592279422692163,0.0,0.5204017915933652,0.9999999999999998,1.0,0.7148879014046754,0.2573689383168327,1
1,1,1,0,0.44266886094646934,0.0,0.5046772601701969,0.9999999999999998,1.0,0.9999999999999991,0.0,0
1,1,1,0,0.1468989909453026,0.2520339582596392,0.09583944316781967,0.9999999999999998,1.0,0.0,0.0,1
1,0,0,0,0.22329179362591584,0.25663247258578,0.37888100878485004,0.0071970480757680266,0.0,0.7148879014046754,0.0,0
1,1,1,0,0.19926889970119468,0.5571276972055182,0.48109046303544434,0.9999999999999998,1.0,0.7148879014046754,1.0,1
1,1,1,0,0.38405299977014973,0.26989741775733994,0.6383357772671279,0.9999999999999998,1.0,0.9999999999999991,0.0,1
1,1,0,0,0.32168956714157365,0.5056597099398655,0.5439885887281177,0.9999999999999998,1.0,0.9999999999999991,0.0,1
1,1,1,0,3.2099464202890054e-05,0.3714184648036788,0.00039276306445282586,0.9999999999999998,1.0,0.7148879014046754,0.2573689383168327,0
1,0,1,0,0.28402166946761087,0.0015296378262243753,0.5872310501418307,0.0014028374511386998,1.0,0.7148879014046754,0.0,1
1,1,1,0,2.5089998235737834e-05,0.0,0.48895272874702855,0.9999999999999998,1.0,0.7148879014046754,0.0,1
1,1,1,0,0.37780704734972226,0.41315882561018746,0.5046772601701969,0.9999999999999998,1.0,0.7148879014046754,1.0,1
0,0,1,0,0.06108921384619863,0.6513972408914043,0.422123470198563,0.0071970480757680266,1.0,0.7148879014046754,0.2573689383168327,1
1,1,1,0,0.2957448417028748,0.3908737177219667,0.5125395258817811,0.9999999999999998,0.0,0.7148879014046754,1.0,0
1,1,1,0,0.3554177102118821,0.45436858860983376,0.6579914415460884,0.9999999999999998,1.0,0.7148879014046754,0.0,0
1,1,0,0,0.24030000252461842,0.3507251503360453,0.5282640573049494,0.004454623327188415,1.0,0.0,0.0,0
1,1,1,0,0.29728230691405694,0.22992571630703926,0.29239608595742406,0.9999999999999998,1.0,0.7148879014046754,0.0,1
0,0,1,0,0.1731319911110981,0.29465864874425185,0.1901866317068298,0.9999999999999998,1.0,0.7148879014046754,0.0,1
0,1,1,0,0.2378016215564474,0.4071453837990803,0.5164706587375731,0.9999999999999998,1.0,0.7148879014046754,1.0,1
1,1,1,0,0.2583652187560087,0.359745313052706,0.4575036659006918,0.9999999999999998,1.0,0.7148879014046754,1.0,1
1,1,1,1,0.9177456112017548,0.0,0.728751832950346,0.9999999999999998,1.0,0.7148879014046754,1.0,1
1,1,0,0,0.3451359116121015,0.2812168376370711,0.48895272874702855,0.9999999999999998,1.0,0.9999999999999991,0.2573689383168327,1
0,0,1,0,0.2956487501271759,0.0,0.44964140018910764,0.9999999999999998,1.0,0.7148879014046754,1.0,1
1,1,1,0,0.23924299519193068,0.434736469755925,0.6068867144207911,0.9999999999999998,1.0,0.7148879014046754,1.0,1
1,1,1,0,0.9156315965363794,0.0,0.7130273015271775,0.9999999999999998,1.0,0.0,0.0,1
0,1,1,0,0.30333607618308667,0.0,0.1194262403025722,0.9999999999999998,1.0,0.7148879014046754,1.0,1
1,0,1,0,0.17207498377841035,0.2145383799080297,0.1626687017162852,0.9999999999999998,1.0,0.7148879014046754,0.0,1
1,1,1,1,0.5996824956384468,0.22992571630703926,0.4024678059196026,0.9999999999999998,1.0,0.9999999999999991,0.2573689383168327,1
1,0,0,0,0.25653947881772987,0.23027944817828086,0.34743194593851334,0.9999999999999998,1.0,0.0,1.0,1
1,1,1,0,0.22329179362591584,0.42748496639547223,0.5125395258817811,0.9999999999999998,1.0,0.7148879014046754,0.0,1
0,0,1,0,0.31015857805770747,0.0,0.09583944316781967,0.9999999999999998,1.0,0.7148879014046754,0.0,1
1,1,1,0,0.3258215048966257,0.4421648390519986,0.6579914415460884,0.9999999999999998,1.0,0.0,1.0,1
1,0,1,0,0.27133758147535814,0.32844004244782454,0.4732281973238602,0.9999999999999998,1.0,0.7148879014046754,0.2573689383168327,1
1,0,1,0,0.34667337682328364,0.0,0.39853667306381046,0.9999999999999998,1.0,0.9999999999999991,1.0,1
1,1,1,0,0.5436611070059971,0.47170145030067206,0.6855093715366329,0.9999999999999998,1.0,0.7148879014046754,0.2573689383168327,1
1,0,1,0,0.237321163677953,0.0,0.20984229598579024,0.9999999999999998,1.0,0.7148879014046754,0.0,1
1,0,1,1,0.687798470554324,0.0,0.48109046303544434,0.9999999999999998,1.0,0.7148879014046754,0.0,1
0,0,1,0,0.47956802601484105,0.0,0.38281214164064215,0.9999999999999998,0.0,0.7148879014046754,1.0,0
1,1,1,0,0.5035909199395622,0.0,0.34743194593851334,0.9999999999999998,1.0,0.537966231065151,0.0,0
1,0,1,0,0.2933425523104027,0.3514326140785285,0.41426120448697884,0.004454623327188415,0.0,0.0,0.0,0
1,1,1,0,0.38347645031595645,0.0015839365310013284,0.00020804499116458888,0.9999999999999998,1.0,0.537966231065151,1.0,0
1,1,1,0,0.4836038721941942,0.3684117438981252,0.7051650358155934,0.9999999999999998,1.0,0.9999999999999991,0.2573689383168327,0
1,0,0,0,0.4514131943350679,0.35249380969225325,0.5597131201512862,0.9999999999999998,1.0,0.537966231065151,1.0,1
1,1,1,1,0.28738487461707185,0.0,0.23736022597633485,0.9999999999999998,1.0,0.7148879014046754,0.0,1
1,1,1,0,0.2650916290549306,0.34488857446055887,0.5872310501418307,0.9999999999999998,1.0,0.7148879014046754,0.2573689383168327,1
1,1,0,0,0.40154166654734674,0.0,0.42998573591014716,0.004454623327188415,1.0,0.7148879014046754,1.0,1
1,1,0,0,0.22098559580914262,0.22196674920410328,0.46929706446806807,0.9999999999999998,0.0,0.9999999999999991,0.2573689383168327,0
1,0,1,0,0.3117921348445885,0.0,0.17446210028366146,0.9999999999999998,1.0,0.7148879014046754,0.0,1
1,0,1,0,0.4491069965182946,0.3386982667138309,0.7051650358155934,0.9999999999999998,1.0,0.7148879014046754,1.0,0
1,1,0,0,0.3827077177103654,0.0,0.48895272874702855,0.004454623327188415,1.0,0.537966231065151,0.0,0
0,0,0,1,4.765332161475375e-05,0.0,0.862410350047277,0.9999999999999998,1.0,0.7148879014046754,1.0,1
1,0,1,0,0.19705879346012034,0.39069685178634594,0.5046772601701969,0.9999999999999998,1.0,0.7148879014046754,1.0,1
1,1,1,0,4.4421383453633646e-05,0.0,0.41033007163118673,0.9999999999999998,1.0,0.7148879014046754,1.0,1
0,1,1,1,0.5276138138642833,0.0,0.3906744073522263,0.9999999999999998,0.0,0.7148879014046754,0.2573689383168327,0
1,1,1,1,0.3314909078628599,0.0,0.07618377888885924,0.003324660301075354,1.0,0.7148879014046754,1.0,1
1,0,1,0,0.00012275533089146375,0.0,0.5754376515744545,0.9999999999999998,1.0,0.0,1.0,1
0,0,1,0,0.999231267394409,0.0,0.9960688671442078,0.9999999999999998,1.0,0.7148879014046754,0.0,1
1,1,1,0,0.26691736899320945,0.3390519985850725,0.5518508544397019,0.9999999999999998,0.0,0.0,0.2573689383168327,0
0,0,1,0,0.22761591453236565,0.0,0.013285653196185812,0.9999999999999998,1.0,0.7148879014046754,0.0,0
0,0,1,0,0.4123039230256218,0.0,0.5125395258817811,0.9999999999999998,0.0,0.7148879014046754,1.0,0
1,1,1,1,0.831839742526952,0.8813229571984436,0.001225901459048391,0.9999999999999998,0.0,0.0,0.2573689383168327,0
1,0,0,1,0.5564412865739488,0.0,0.49681499445861266,0.9999999999999998,1.0,0.7148879014046754,1.0,1
0,0,0,0,0.44170794518948053,0.0,0.29632721881321616,0.9999999999999998,1.0,0.0,0.2573689383168327,0
1,1,1,0,0.39952374345767017,0.2559250088432968,0.599024448709207,0.9999999999999998,1.0,0.9999999999999991,0.2573689383168327,1
1,1,1,0,0.6275490525911234,0.0,0.7837876929314351,0.9999999999999998,1.0,0.9999999999999991,1.0,1
1,0,1,0,0.6508032139102534,0.0,0.48895272874702855,0.9999999999999998,1.0,0.7148879014046754,0.0,0
1,0,1,0,0.9127488492654128,0.0,0.7130273015271775,0.9999999999999998,1.0,0.7148879014046754,0.2573689383168327,1
1,1,0,0,0.4111508241172352,0.5771135479306685,0.5007461273144048,0.004454623327188415,1.0,0.9999999999999991,0.0,1
0,0,0,0,0.497921516973328,0.0,0.49681499445861266,0.9999999999999998,1.0,0.0,1.0,1
1,1,1,0,0.000172559114812396,0.0,0.002264502593910006,0.004454623327188415,1.0,0.7148879014046754,0.0,1
1,1,1,1,0.6364855691311196,0.0,0.48895272874702855,0.9999999999999998,0.0,0.9999999999999991,0.2573689383168327,0
1,1,1,0,5.343167811247291e-05,0.0,0.0023437619895492826,0.9999999999999998,1.0,0.0,0.0,0
1,0,0,0,0.3537841534250011,0.0,0.41033007163118673,0.9999999999999998,1.0,0.7148879014046754,0.2573689383168327,1
1,1,1,0,0.3699275381424137,0.0,0.3552942116500975,0.9999999999999998,1.0,0.9999999999999991,1.0,1
1,0,1,0,0.23933908676762958,0.0,0.3552942116500975,0.0071970480757680266,1.0,0.7148879014046754,1.0,0
1,1,0,0,0.42835121616733557,0.0,0.44964140018910764,0.9999999999999998,1.0,0.7148879014046754,0.2573689383168327,1
1,0,1,0,0.17716783729045124,0.5022992571630703,0.4260546030543551,0.9999999999999998,1.0,0.7148879014046754,0.2573689383168327,0
1,1,1,0,0.313906149509964,0.08560311284046693,0.5086083930259889,0.9999999999999998,1.0,0.9999999999999991,1.0,1
1,1,0,1,0.45410375845463663,0.0,0.5204017915933652,0.9999999999999998,1.0,0.7148879014046754,0.0,0
0,0,1,1,0.8278038963475989,0.0,0.5675753858628703,0.9999999999999998,1.0,0.0,1.0,1
1,1,0,0,0.6340832797386475,0.0,0.5164706587375731,0.004454623327188415,1.0,0.0,0.0,1
1,1,1,0,0.9314867065266953,0.0,0.41819233734277095,0.9999999999999998,1.0,0.9999999999999991,0.0,1
1,1,1,0,0.32870425216759225,0.2210824195259993,0.48109046303544434,0.9999999999999998,0.0,0.537966231065151,1.0,0
0,1,1,0,0.1942721377648527,0.28864520693314466,0.422123470198563,0.0071970480757680266,1.0,0.9999999999999991,1.0,1
1,1,0,0,0.3656034172359639,0.26229218252564557,0.46536593161227596,0.005881752437048133,1.0,0.7148879014046754,1.0,1
1,1,0,0,0.17207498377841035,0.5189246551114255,0.34350081308272123,0.9999999999999998,0.0,0.7148879014046754,0.0,0
1,1,0,0,0.4367111832531385,0.2173682348779625,0.599024448709207,0.9999999999999998,1.0,0.0,0.0,1
1,1,1,1,0.237321163677953,0.5328970640254687,0.7169584343829697,0.9999999999999998,1.0,0.7148879014046754,0.0,1
1,1,0,0,0.24731468755063699,0.41704987619384504,0.44964140018910764,0.9999999999999998,1.0,0.7148879014046754,0.0,1
1,1,1,0,2.880982533655157e-06,0.0,0.8977905457494058,0.9999999999999998,1.0,0.7148879014046754,1.0,1
1,1,0,0,0.2349188742854809,0.4126282278033251,0.689440504392425,0.9999999999999998,0.0,0.7148879014046754,0.0,0
0,0,1,0,0.039084243011154055,0.001881409396375016,0.0009449867778973144,0.004454623327188415,1.0,0.537966231065151,0.0,0
1,1,1,0,0.373867292746068,0.0,0.33170741451534497,0.9999999999999998,1.0,0.9999999999999991,1.0,1
0,0,1,0,0.38347645031595645,0.4023700035373187,0.5439885887281177,0.9999999999999998,1.0,0.7148879014046754,1.0,1
1,1,1,0,0.5264607149558967,0.0,0.46929706446806807,0.9999999999999998,1.0,0.7148879014046754,0.2573689383168327,1
1,1,1,0,0.7272921081665655,0.17863459497700743,0.6658537072576725,0.9999999999999998,1.0,0.7148879014046754,1.0,1
1,1,1,0,0.29238163655341387,0.18217191368942343,0.3710187430732659,0.9999999999999998,1.0,0.0,0.0,1
0,1,1,0,0.28056237274245105,0.4126282278033251,0.5243329244491574,0.9999999999999998,1.0,0.7148879014046754,1.0,1
1,1,0,0,0.18725745273883412,0.43084541917226743,0.4928838616028206,0.9999999999999998,1.0,0.0,0.2573689383168327,1
1,1,0,0,0.5876710486760862,0.2874071453837991,0.7130273015271775,0.0071970480757680266,1.0,0.9999999999999991,1.0,0
1,1,1,1,0.7473752474876324,0.0,0.9213773428841583,0.9999999999999998,1.0,0.0,0.0,1
1,1,1,1,0.27729525916868897,0.0,0.3513630787943054,0.9999999999999998,1.0,0.0,1.0,1
1,1,1,0,0.5512523414862089,0.0,0.9803443357210396,0.9999999999999998,1.0,0.7148879014046754,0.0,0
1,1,0,1,0.5471204037311569,0.0,0.48895272874702855,0.9999999999999998,1.0,0.537966231065151,0.2573689383168327,1
1,1,1,0,0.33543066246651415,0.2948355146798727,0.4260546030543551,0.9999999999999998,1.0,0.7148879014046754,1.0,1
1,0,1,0,0.3594535563912353,0.0,0.3710187430732659,0.9999999999999998,1.0,0.7148879014046754,0.0,1
0,0,1,0,0.27940927383406444,0.0,0.30812061738059243,0.9999999999999998,1.0,0.7148879014046754,1.0,1
1,0,1,1,0.5804641804986699,0.766360099044924,0.44964140018910764,0.004454623327188415,1.0,0.7148879014046754,0.0,0
1,1,1,0,0.30208688569900116,0.27591085956844713,0.5046772601701969,0.9999999999999998,1.0,0.9999999999999991,0.0,1
1,0,1,0,0.8799816219520932,0.0,0.7051650358155934,0.9999999999999998,1.0,0.537966231065151,0.2573689383168327,1
0,0,0,0,0.20714840890850322,0.0,0.2530847573995032,0.9999999999999998,1.0,0.7148879014046754,1.0,1
1,1,0,0,0.21560446757000507,0.35956844711708524,0.41033007163118673,0.9999999999999998,1.0,0.7148879014046754,0.2573689383168327,1
1,0,0,0,0.13767419967820968,0.0,0.11549510744678013,0.9999999999999998,1.0,0.7148879014046754,0.0,0
1,1,1,0,0.32745506168350674,0.309515387336399,0.7090961686713855,0.9999999999999998,1.0,0.0,0.0,1
1,0,0,0,0.2584613103317076,0.4925716307039264,0.3552942116500975,0.9999999999999998,1.0,0.7148879014046754,1.0,1
1,1,1,0,0.43949783894840616,0.9948708878669968,0.9803443357210396,0.9999999999999998,1.0,0.7148879014046754,1.0,1
1,1,1,0,0.6140962319932795,0.0015721426723331435,0.6855093715366329,0.9999999999999998,0.0,0.0,0.0,0
1,1,1,0,0.7998412478192234,0.0,0.9449641400189108,0.9999999999999998,1.0,0.9999999999999991,1.0,1
1,1,0,0,0.28738487461707185,0.29465864874425185,0.3710187430732659,0.0071970480757680266,0.0,0.7148879014046754,0.0,0
1,1,1,0,0.3176537209622205,0.0,0.3552942116500975,0.9999999999999998,1.0,0.0,1.0,1
1,1,1,0,0.21983249690075599,0.26918995401485674,0.3867432744964342,0.9999999999999998,1.0,0.7148879014046754,0.0,1
1,1,1,0,0.6068893638158631,0.0,0.6658537072576725,0.9999999999999998,1.0,0.0,1.0,1
1,0,0,0,0.30660318975684875,0.3986558188892819,0.4732281973238602,0.004454623327188415,0.0,0.7148879014046754,0.0,0
1,0,1,0,0.19263858097797165,0.3411743898125221,0.2688092888226716,0.9999999999999998,1.0,0.7148879014046754,0.0,1
1,1,1,0,0.39942765188197127,0.5958613371064733,0.7680631615082668,0.9999999999999998,1.0,0.0,0.0,0
1,1,1,0,0.37847968837961443,0.3065086664308454,0.5636442530070782,0.9999999999999998,0.0,0.7148879014046754,0.2573689383168327,0
1,1,1,0,0.4124000146013207,0.0,0.4417791344775234,0.9999999999999998,1.0,0.7148879014046754,0.0,1
1,1,1,1,0.20839759939258873,0.0,0.23736022597633485,0.005881752437048133,0.0,0.0,0.2573689383168327,0
1,0,1,0,0.5196382130812759,0.0,0.6383357772671279,0.9999999999999998,1.0,0.7148879014046754,0.0,1
1,0,1,0,0.3093898454521164,0.48443579766536965,0.41033007163118673,0.9999999999999998,1.0,0.7148879014046754,0.0,1
1,0,1,0,0.7998412478192234,0.6632472585779978,0.7130273015271775,0.9999999999999998,1.0,0.7148879014046754,0.2573689383168327,1
1,1,0,0,0.18725745273883412,0.25751680226388396,0.21377342884158235,0.005881752437048133,1.0,0.9999999999999991,0.0,1
1,1,1,0,0.39366215734003823,0.0,0.13515077172574055,0.004454623327188415,1.0,0.537966231065151,0.2573689383168327,1
1,1,0,0,0.2753734276547113,0.309515387336399,0.3906744073522263,0.9999999999999998,1.0,0.7148879014046754,1.0,1
0,1,1,0,0.9645422085671116,0.0,0.48895272874702855,0.0052579585487613715,1.0,0.7148879014046754,1.0,1
1,1,1,0,0.2833490284377187,0.5129112133003183,0.4928838616028206,0.9999999999999998,1.0,0.7148879014046754,1.0,1
1,0,1,0,0.4018299412744434,0.0,0.44964140018910764,0.9999999999999998,1.0,0.7148879014046754,0.2573689383168327,1
0,0,1,0,0.2297299291977411,0.32950123806154935,0.3867432744964342,0.9999999999999998,0.0,0.7148879014046754,0.0,0
1,0,1,0,0.1755342805035702,0.0018445949257726811,0.33170741451534497,0.9999999999999998,1.0,0.7148879014046754,0.0,0
1,1,1,1,0.06387586954146628,0.9366819950477537,0.6383357772671279,0.9999999999999998,1.0,0.7148879014046754,0.2573689383168327,1
1,1,1,0,0.6157297887801605,0.0,0.595093315853415,0.004454623327188415,1.0,0.537966231065151,0.2573689383168327,1
0,1,0,1,0.6853961811618519,0.0,0.5204017915933652,0.9999999999999998,1.0,0.7148879014046754,0.2573689383168327,1
0,0,0,1,5.2547102840187656e-05,0.0,0.46929706446806807,0.9999999999999998,1.0,0.7148879014046754,0.0,1
1,1,1,0,0.5819055541341531,0.3544393349840821,0.9606886714420791,0.9999999999999998,1.0,0.0,1.0,1
0,0,1,0,0.2777757170471834,0.0,0.2570158902552953,0.9999999999999998,1.0,0.7148879014046754,0.2573689383168327,1
1,1,1,0,0.26807046790159605,0.3984789529536611,0.4575036659006918,0.9999999999999998,1.0,0.7148879014046754,1.0,1
1,1,1,0,0.49561531915655477,0.5601344181110718,0.7641320286524748,0.9999999999999998,1.0,0.537966231065151,1.0,1
1,1,1,1,0.5512523414862089,0.0,0.5439885887281177,0.0023337789670061313,1.0,0.9999999999999991,0.2573689383168327,1
1,1,1,0,0.554519455059971,0.0,0.732682965806138,0.9999999999999998,1.0,0.9999999999999991,0.0,1
0,0,1,0,0.36060665529962194,0.29465864874425185,0.5086083930259889,0.9999999999999998,1.0,0.7148879014046754,0.2573689383168327,1
1,1,1,0,0.3828038092860643,0.5790590732224974,0.7916499586430193,0.9999999999999998,1.0,0.7148879014046754,1.0,1
1,1,1,0,0.28738487461707185,0.6041740360806509,0.198048897418414,0.004454623327188415,1.0,0.7148879014046754,1.0,1
1,1,1,0,0.3726181022619825,0.47205518217191367,0.6147489801323753,0.9999999999999998,1.0,0.7148879014046754,1.0,1
1,1,1,1,0.9600259045092641,0.0,0.5872310501418307,0.9999999999999998,1.0,0.0,0.2573689383168327,0
0,0,1,0,0.29536047540007926,0.0,0.9803443357210396,0.9999999999999998,1.0,0.537966231065151,0.2573689383168327,1
0,0,1,0,0.3594535563912353,0.3684117438981252,0.44964140018910764,0.9999999999999998,1.0,0.9999999999999991,1.0,1
1,1,1,1,0.3177498125379194,0.619030774672798,0.3238451488037608,0.9999999999999998,1.0,0.9999999999999991,0.0,1
1,1,0,1,0.4502600954266812,0.0,0.3552942116500975,0.9999999999999998,1.0,0.7148879014046754,0.0,1
1,1,1,0,0.3562825343931721,0.5173328616908384,0.5715065187186624,0.9999999999999998,1.0,0.0,1.0,0
0,0,0,0,0.2604792334213842,0.0,0.29239608595742406,0.9999999999999998,0.0,0.7148879014046754,0.0,0
1,1,1,0,0.7428589434297849,0.0,0.48109046303544434,0.004454623327188415,1.0,0.537966231065151,0.0,1
1,1,0,0,0.29651357430846587,0.0,0.422123470198563,0.9999999999999998,1.0,0.537966231065151,0.2573689383168327,1
0,0,1,0,0.7998412478192234,0.0,7.057878728363928e-05,0.9999999999999998,1.0,0.7148879014046754,1.0,1
1,1,0,0,0.3690627139611238,0.17385921471524585,0.3710187430732659,0.9999999999999998,1.0,0.537966231065151,1.0,1
0,1,1,0,0.3187107282949082,0.1614785992217899,0.3906744073522263,0.0023337789670061313,1.0,0.0,1.0,1
1,1,1,0,0.33216354889275207,0.6062964273081004,0.5675753858628703,0.9999999999999998,1.0,0.537966231065151,0.2573689383168327,1
1,0,1,0,0.2845982189218042,0.4936328263176512,0.5439885887281177,0.9999999999999998,1.0,0.7148879014046754,1.0,1
1,0,1,1,0.4499718206995846,0.0,0.3946055402080184,0.9999999999999998,1.0,0.0,0.2573689383168327,0
1,0,1,0,0.5306887442866477,0.8220728687654758,0.6147489801323753,0.9999999999999998,1.0,0.9999999999999991,0.2573689383168327,1
1,0,1,0,0.3450398200364026,0.0,0.29239608595742406,0.9999999999999998,1.0,0.7148879014046754,0.0,0
1,1,1,0,0.00015316874405207036,0.0,0.0036642365366154894,0.005881752437048133,1.0,0.537966231065151,0.0,1
1,1,0,0,0.4461281576716292,0.0,0.41033007163118673,0.9999999999999998,1.0,0.9999999999999991,0.2573689383168327,1
1,0,1,0,0.1841825223164698,0.32737884683409973,0.17446210028366146,0.9999999999999998,1.0,0.7148879014046754,1.0,1
1,0,1,0,0.4555451320901199,0.0,0.34743194593851334,0.9999999999999998,1.0,0.7148879014046754,1.0,1
1,1,1,0,0.8954523656396136,0.0,0.7169584343829697,0.004454623327188415,1.0,0.7148879014046754,0.2573689383168327,1
1,1,1,0,0.24731468755063699,0.3740714538379908,0.44964140018910764,0.9999999999999998,1.0,0.7148879014046754,0.0,1
0,0,1,0,0.9600259045092641,0.29465864874425185,0.862410350047277,0.9999999999999998,1.0,0.7148879014046754,0.2573689383168327,0
1,0,1,0,0.39260515000735047,0.6096568800848956,0.5715065187186624,0.9999999999999998,1.0,0.7148879014046754,0.2573689383168327,1
0,0,1,0,0.3026634351531945,0.0,0.3710187430732659,0.9999999999999998,1.0,0.7148879014046754,1.0,1
1,1,0,0,0.3375446771318896,0.0,0.29632721881321616,0.004454623327188415,1.0,0.537966231065151,0.2573689383168327,0
1,1,1,0,0.7747613465618145,0.04244782454899186,0.9724820700094554,0.9999999999999998,1.0,0.0,0.0,1
1,0,0,0,0.19129329891818728,0.0,0.48895272874702855,0.9999999999999998,1.0,0.7148879014046754,0.0,0
1,1,1,0,0.23933908676762958,0.32543332154227095,0.4063989387753947,0.9999999999999998,1.0,0.9999999999999991,0.0,1
1,0,1,0,6.290698955784479e-05,0.0,0.0021836122325807686,0.9999999999999998,1.0,0.7148879014046754,0.2573689383168327,0
0,0,0,0,0.1749577310493769,0.0,0.48895272874702855,0.9999999999999998,0.0,0.537966231065151,0.0,0
0,0,1,0,0.3393704170701684,0.0,0.41819233734277095,0.9999999999999998,1.0,0.0,1.0,1
1,1,1,0,0.4555451320901199,0.4126282278033251,0.48895272874702855,0.9999999999999998,1.0,0.7148879014046754,0.0,1
1,1,1,0,0.17476554789797913,0.23523169437566324,0.3710187430732659,0.9999999999999998,0.0,0.7148879014046754,0.0,0
1,0,1,0,0.2811389221966443,0.0,0.36315647736168166,0.9999999999999998,1.0,0.7148879014046754,1.0,1
1,0,1,0,0.34340626324952156,0.0,0.3552942116500975,0.9999999999999998,1.0,0.7148879014046754,0.0,0
1,1,0,0,0.326398054350819,0.7812168376370711,0.4614347987564839,0.9999999999999998,1.0,0.7148879014046754,1.0,1
1,0,1,1,0.6546468769382088,0.0,0.5321951901607415,0.9999999999999998,1.0,0.7148879014046754,0.2573689383168327,1
1,0,1,0,0.30343216775878556,0.0,0.2688092888226716,0.9999999999999998,1.0,0.7148879014046754,0.0,0
0,0,1,0,0.22761591453236565,0.0,0.1587375688604931,0.9999999999999998,1.0,0.7148879014046754,0.2573689383168327,0
1,1,1,0,0.9123644829626173,0.0,0.0,0.9999999999999998,1.0,0.537966231065151,0.2573689383168327,1
1,0,1,0,0.5699901987474915,0.7484966395472232,0.00028827497698366913,0.9999999999999998,1.0,0.7148879014046754,1.0,1
1,1,1,0,0.7755300791674056,0.3979483551467987,0.6855093715366329,0.9999999999999998,1.0,0.0,0.0,1
1,1,1,0,0.21252953714764078,0.0,0.21377342884158235,0.9999999999999998,0.0,0.7148879014046754,0.0,0
1,1,0,0,0.19811580079280808,0.13335691545808276,0.34743194593851334,0.0071970480757680266,1.0,0.537966231065151,1.0,1
1,1,1,0,7.852084012275077e-05,0.0,0.0011628338038780286,0.9999999999999998,1.0,0.537966231065151,0.2573689383168327,1
1,0,1,1,4.184276366268739e-05,0.0,0.732682965806138,0.9999999999999998,0.0,0.7148879014046754,0.0,0
1,1,1,0,0.30333607618308667,0.36505129112133,0.3867432744964342,0.9999999999999998,0.0,0.7148879014046754,0.0,0
0,1,1,0,0.41067036623874076,0.42147152458436504,0.47715933017965223,0.9999999999999998,1.0,0.9999999999999991,1.0,1
1,1,0,0,0.2883457903740607,0.554651574106827,0.48895272874702855,0.9999999999999998,0.0,0.7148879014046754,0.0,0
0,1,0,0,0.3930856078858449,0.0,0.46536593161227596,0.9999999999999998,1.0,0.7148879014046754,0.2573689383168327,1
1,1,1,0,0.2888262482525551,0.38698266713830914,0.5793687844302465,0.9999999999999998,1.0,0.7148879014046754,0.2573689383168327,1
1,0,1,0,0.18322160655948097,0.8954722320481076,0.24129135883212696,0.9999999999999998,1.0,0.7148879014046754,0.2573689383168327,0
1,0,1,0,0.5099329639356885,0.0,0.5125395258817811,0.9999999999999998,1.0,0.7148879014046754,0.0,1
1,1,1,0,0.7277725660450599,0.0,0.7130273015271775,0.9999999999999998,1.0,0.9999999999999991,0.0,1
1,1,1,1,0.7628459911751528,0.0015700817891747291,0.0021836122325807686,0.9999999999999998,1.0,0.9999999999999991,0.2573689383168327,1
0,0,1,0,0.3953918057026181,0.0,0.42998573591014716,0.9999999999999998,1.0,0.7148879014046754,1.0,1
1,1,1,0,0.38232335140756984,0.0,0.17446210028366146,0.0052579585487613715,1.0,0.0,0.0,1
1,1,1,0,6.571496891339692e-05,0.0015573178712187273,0.0021836122325807686,0.9999999999999998,1.0,0.7148879014046754,0.0,1
1,1,1,1,4.1070987313193696e-05,0.0,1.0000000000000002,0.9999999999999998,1.0,0.7148879014046754,0.0,1
1,1,1,0,7.925955564795357e-06,0.19915104350902016,0.862410350047277,0.9999999999999998,1.0,0.9999999999999991,0.0,1
0,1,1,0,0.4419001283408783,0.5031835868411744,0.5282640573049494,0.004454623327188415,1.0,0.0,1.0,1
1,0,0,0,0.32178565871727255,0.0,0.29239608595742406,0.0,1.0,0.7148879014046754,1.0,0
1,1,0,1,0.6813603349824987,0.0,0.46929706446806807,0.0014028374511386998,1.0,0.537966231065151,0.0,1
1,0,1,0,0.33543066246651415,0.0,0.29632721881321616,0.005881752437048133,1.0,0.7148879014046754,1.0,1
1,1,0,0,0.33543066246651415,0.19154580827732579,0.5086083930259889,0.9999999999999998,1.0,0.0,0.0,1
1,1,1,0,0.8949719077611191,0.0,0.27274042167846363,0.004454623327188415,1.0,0.7148879014046754,0.0,1
1,1,1,1,0.0,0.6809338521400778,0.6068867144207911,0.004454623327188415,0.0,0.0,0.0,0
1,1,1,0,0.3657956003873617,0.13335691545808276,0.6068867144207911,0.9999999999999998,1.0,0.7148879014046754,0.0,1
1,1,0,0,0.472937707291618,0.0,0.48109046303544434,0.9999999999999998,1.0,0.537966231065151,1.0,0
1,1,1,0,0.47956802601484105,0.0,0.26094702311108736,0.9999999999999998,0.0,0.9999999999999991,1.0,0
1,1,1,1,0.33216354889275207,0.2140077821011673,0.48895272874702855,0.9999999999999998,1.0,0.0,0.2573689383168327,1
1,0,0,0,0.2441436655525738,0.36116024053767243,0.4732281973238602,0.9999999999999998,1.0,0.7148879014046754,0.2573689383168327,1
1,1,0,0,0.3224582997471647,0.3390519985850725,0.41819233734277095,0.9999999999999998,0.0,0.9999999999999991,0.2573689383168327,0
1,0,1,0,0.60285351763651,0.7810399717014503,0.7995122243546036,0.9999999999999998,0.0,0.7148879014046754,0.2573689383168327,0
1,1,1,0,0.7966702258211602,0.0,0.5754376515744545,0.005881752437048133,0.0,0.0,1.0,0
1,1,0,1,0.6124626752063984,0.17686593562079944,0.7130273015271775,0.9999999999999998,1.0,0.9999999999999991,0.2573689383168327,0
1,0,1,0,0.4843726047997853,0.0,0.4417791344775234,0.9999999999999998,1.0,0.7148879014046754,1.0,1
1,1,1,0,0.3562825343931721,0.0,0.44964140018910764,0.9999999999999998,1.0,0.9999999999999991,1.0,1
1,1,1,1,0.5756596017137257,0.0,0.7837876929314351,0.0052579585487613715,1.0,0.9999999999999991,1.0,0
1,1,1,0,3.144282931413192e-05,0.0,0.7051650358155934,0.004454623327188415,1.0,0.0,0.2573689383168327,1
1,1,0,0,0.2534645483953656,0.2806862398302087,0.6579914415460884,0.9999999999999998,1.0,0.537966231065151,0.2573689383168327,0
1,1,1,1,0.09520172321930266,0.5344888574460559,0.41033007163118673,0.9999999999999998,1.0,0.0,0.0,0
0,0,1,1,0.24894824433751803,0.30367881146091263,0.36708761021747377,0.005881752437048133,1.0,0.7148879014046754,1.0,0
1,1,1,1,0.24673813809644368,0.6632472585779978,0.5754376515744545,0.9999999999999998,1.0,0.7148879014046754,0.2573689383168327,1
1,1,1,1,0.15285666863863343,0.0017515984349639495,0.9174462100283661,0.9999999999999998,1.0,0.9999999999999991,0.0,0
1,1,0,1,0.1792818519558267,0.3316236292889989,0.3592253445058896,0.9999999999999998,1.0,0.9999999999999991,1.0,1
0,0,1,0,0.20445784478893447,0.0016099870027716573,0.5164706587375731,0.9999999999999998,0.0,0.7148879014046754,1.0,1
1,1,1,0,0.6957740713373314,0.2948355146798727,0.41033007163118673,0.9999999999999998,0.0,0.0,0.0,0
1,1,1,0,0.5996824956384468,1.0,0.7169584343829697,0.004454623327188415,1.0,0.9999999999999991,1.0,1
1,1,1,1,0.3306260836815699,0.367704280155642,0.6147489801323753,0.9999999999999998,1.0,0.0,1.0,1
1,0,1,0,1.6633541955712243e-05,0.5305978068623983,0.0005937593184630156,0.9999999999999998,1.0,0.537966231065151,0.2573689383168327,0
1,1,1,0,0.2945917427944882,0.4273081004598514,0.5243329244491574,0.9999999999999998,1.0,0.7148879014046754,0.2573689383168327,1
1,1,1,0,0.7037496721203388,0.001596763143258295,0.6658537072576725,0.005881752437048133,1.0,0.7148879014046754,0.2573689383168327,1
0,0,0,0,0.18773791061732853,0.0,0.18625549885103773,0.9999999999999998,1.0,0.7148879014046754,1.0,1
1,1,0,0,0.2385703541620385,0.42005659709939863,0.48895272874702855,0.9999999999999998,1.0,0.0,0.2573689383168327,1
1,1,1,0,0.41633976920497495,0.03342766183233109,0.46536593161227596,0.9999999999999998,1.0,0.537966231065151,1.0,1
1,1,1,0,0.00019619533962727783,0.0,0.0010554191198092373,0.9999999999999998,0.0,0.537966231065151,0.2573689383168327,0
1,1,0,0,0.4123039230256218,0.35620799434029005,0.7405452315177222,0.9999999999999998,1.0,0.7148879014046754,0.2573689383168327,1
1,0,1,0,0.21406700235882292,0.0,0.22556682740895861,0.0071970480757680266,0.0,0.7148879014046754,1.0,0
1,1,1,0,0.23213221859021324,0.41386628935267067,0.5400574558723257,0.9999999999999998,1.0,0.7148879014046754,1.0,1
1,1,0,0,0.24894824433751803,0.3379908029713477,0.43391686876593927,0.9999999999999998,0.0,0.7148879014046754,1.0,0
1,0,0,0,0.6508993054859523,0.0,0.48895272874702855,0.9999999999999998,1.0,0.7148879014046754,1.0,1
1,1,1,0,0.5035909199395622,0.12168376370711001,0.6068867144207911,0.9999999999999998,1.0,0.0,0.2573689383168327,1
1,1,0,0,0.17399681529238806,0.3128758401131942,0.3513630787943054,0.9999999999999998,1.0,0.7148879014046754,0.2573689383168327,1
1,1,1,0,0.5884397812816773,0.6908383445348426,0.0006424427004711152,0.9999999999999998,1.0,0.7148879014046754,0.0,1
1,1,0,0,0.24894824433751803,0.30067209055535904,0.39853667306381046,0.9999999999999998,1.0,0.7148879014046754,0.2573689383168327,1
1,1,1,0,0.42345054580669245,0.2210824195259993,0.41033007163118673,0.9999999999999998,1.0,0.537966231065151,0.0,1
1,1,1,0,0.3618558457837074,0.0,0.41033007163118673,0.9999999999999998,1.0,0.7148879014046754,1.0,1
1,1,0,0,0.2944956512187893,0.31835868411743895,0.4614347987564839,0.9999999999999998,0.0,0.7148879014046754,1.0,0
1,1,1,0,1.9219597671597225e-05,0.0016453534473667016,0.0009337709846807332,0.9999999999999998,1.0,0.0,1.0,0
1,1,1,0,0.24731468755063699,0.41209762999646266,0.46929706446806807,0.9999999999999998,1.0,0.9999999999999991,0.2573689383168327,1
1,1,1,0,0.23347750064999762,0.5894941634241245,0.4850215958912364,0.9999999999999998,1.0,0.7148879014046754,0.2573689383168327,1
1,1,1,0,0.3040087172129789,0.5343119915104351,0.5164706587375731,0.9999999999999998,1.0,0.7148879014046754,0.0,1
